{
  "accuracy": [
    0.8362339735031128, 0.8679412603378296, 0.8763145804405212,
    0.8803154826164246, 0.8844164609909058, 0.8900034427642822,
    0.8918038606643677, 0.8915895223617554, 0.893661379814148,
    0.8967906832695007, 0.8989626169204712, 0.8996056318283081,
    0.9004343748092651, 0.9017347097396851, 0.9018632769584656,
    0.9026634693145752, 0.9049354195594788, 0.9062071442604065,
    0.9049639701843262, 0.9058641791343689, 0.9072216749191284,
    0.907821774482727, 0.9094650149345398, 0.908836305141449,
    0.9093793034553528, 0.9103080630302429, 0.9112939834594727,
    0.9113082885742188, 0.9111797213554382, 0.9119084477424622,
    0.9127800464630127, 0.9120941758155823, 0.9130515456199646,
    0.9123942852020264, 0.9142947196960449, 0.9160093665122986,
    0.9148091077804565, 0.9140517711639404, 0.9168238639831543,
    0.9172525405883789, 0.9162237048149109, 0.9163380265235901,
    0.9160093665122986, 0.9171096086502075, 0.9162951707839966,
    0.9181241393089294, 0.9194244146347046, 0.9177097678184509,
    0.9172096252441406, 0.9186242818832397
  ],
  "loss": [
    0.3700467348098755, 0.31383565068244934, 0.2958715558052063,
    0.2863514721393585, 0.2765294015407562, 0.26822856068611145,
    0.2630583345890045, 0.25858360528945923, 0.2537705600261688,
    0.24724730849266052, 0.24445730447769165, 0.24134919047355652,
    0.24069228768348694, 0.23753422498703003, 0.23551778495311737,
    0.2321801483631134, 0.23037073016166687, 0.22738055884838104,
    0.22855359315872192, 0.22718699276447296, 0.22242309153079987,
    0.2213137149810791, 0.21991297602653503, 0.21938642859458923,
    0.21362172067165375, 0.2144855558872223, 0.21568727493286133,
    0.21348732709884644, 0.21304765343666077, 0.2094171643257141,
    0.20822688937187195, 0.20896179974079132, 0.20588171482086182,
    0.2054719775915146, 0.20305490493774414, 0.19943803548812866,
    0.20431457459926605, 0.2022095024585724, 0.19928617775440216,
    0.19849559664726257, 0.20045997202396393, 0.1988331377506256,
    0.1979735642671585, 0.1949792206287384, 0.19676527380943298,
    0.19392867386341095, 0.19241149723529816, 0.19224730134010315,
    0.19280901551246643, 0.19373482465744019
  ],
  "val_accuracy": [
    0.881130039691925, 0.8932902216911316, 0.8983542323112488,
    0.902385413646698, 0.9073160886764526, 0.9088486433029175,
    0.9082156419754028, 0.9100146293640137, 0.9113472700119019,
    0.9156450033187866, 0.9160447716712952, 0.9211087226867676,
    0.9206089973449707, 0.9192430973052979, 0.9229077696800232,
    0.9208422303199768, 0.9233075976371765, 0.920708954334259,
    0.9255397319793701, 0.9228411316871643, 0.9236074090003967,
    0.9260727763175964, 0.9239072203636169, 0.9279384613037109,
    0.9282049536705017, 0.9258728623390198, 0.9293043613433838,
    0.931736409664154, 0.9275386333465576, 0.9298707246780396,
    0.9311367273330688, 0.929171085357666, 0.932902455329895,
    0.9304704070091248, 0.9259728193283081, 0.9319030046463013,
    0.9332022666931152, 0.9329690933227539, 0.931503176689148,
    0.9327025413513184, 0.9340018630027771, 0.9343683123588562,
    0.9365338683128357, 0.9361007213592529, 0.9353678226470947,
    0.9344349503517151, 0.9343683123588562, 0.9382662773132324,
    0.934934675693512, 0.934801459312439
  ],
  "val_loss": [
    0.2882075607776642, 0.26085975766181946, 0.24770750105381012,
    0.24100936949253082, 0.2316012680530548, 0.22803165018558502,
    0.2237962782382965, 0.22127994894981384, 0.21496300399303436,
    0.2128467559814453, 0.21254131197929382, 0.20072250068187714,
    0.2014182209968567, 0.19886691868305206, 0.1945561319589615,
    0.19731958210468292, 0.19357293844223022, 0.19648106396198273,
    0.19161266088485718, 0.19224873185157776, 0.1890515387058258,
    0.18559814989566803, 0.19092394411563873, 0.18295542895793915,
    0.18416589498519897, 0.18828846514225006, 0.1837281733751297,
    0.18145181238651276, 0.17981725931167603, 0.18229253590106964,
    0.17515650391578674, 0.18021143972873688, 0.17327478528022766,
    0.17868143320083618, 0.18577836453914642, 0.17488299310207367,
    0.17138974368572235, 0.1717323511838913, 0.17794650793075562,
    0.17383213341236115, 0.16691718995571136, 0.16520673036575317,
    0.16774940490722656, 0.16497746109962463, 0.16842542588710785,
    0.16610656678676605, 0.16997592151165009, 0.1634775847196579,
    0.1665818989276886, 0.1690816581249237
  ]
}
