{
  "accuracy": [
    0.7825217247009277, 0.8156293034553528, 0.8244884610176086,
    0.8327046036720276, 0.8353195190429688, 0.8398348093032837,
    0.8416780829429626, 0.8438928723335266, 0.8455075621604919,
    0.8467363715171814, 0.848279595375061, 0.8497799634933472,
    0.8530664443969727, 0.8496513366699219, 0.8529378175735474,
    0.8549239635467529, 0.8559813499450684, 0.8566815257072449,
    0.8552526235580444, 0.8550525903701782, 0.8590391874313354,
    0.8576245903968811, 0.8602823615074158, 0.861225426197052,
    0.8582104444503784, 0.859653651714325, 0.8605252504348755
  ],
  "loss": [
    0.46289247274398804, 0.4113965332508087, 0.39819884300231934,
    0.3827132284641266, 0.3767740726470947, 0.3709232807159424,
    0.3671758770942688, 0.3642992079257965, 0.361075758934021,
    0.3542248606681824, 0.3549134135246277, 0.35238537192344666,
    0.34860309958457947, 0.3511351943016052, 0.34700167179107666,
    0.34306827187538147, 0.3405954837799072, 0.3403843641281128,
    0.3406519591808319, 0.3413064479827881, 0.3339061439037323,
    0.33476489782333374, 0.33118936419487, 0.3294295072555542,
    0.3323863744735718, 0.330870658159256, 0.3283335864543915
  ],
  "val_accuracy": [
    0.807169497013092, 0.8272587656974792, 0.8431836366653442,
    0.8206623196601868, 0.853244960308075, 0.856376588344574,
    0.8540111780166626, 0.8584421873092651, 0.8537780046463013,
    0.8613406419754028, 0.8503465056419373, 0.8640725016593933,
    0.8633395433425903, 0.8683701753616333, 0.8663379549980164,
    0.8653051853179932, 0.8684368133544922, 0.8668709993362427,
    0.8724013566970825, 0.8673707246780396, 0.8629730939865112,
    0.8735341429710388, 0.8773320913314819, 0.8536780476570129,
    0.8675040006637573, 0.8783315420150757, 0.866970956325531
  ],
  "val_loss": [
    0.4163477122783661, 0.3787543773651123, 0.3504132330417633,
    0.384672611951828, 0.348207950592041, 0.3269306719303131,
    0.32917842268943787, 0.32245615124702454, 0.3290388286113739,
    0.31440532207489014, 0.3325915038585663, 0.3116380274295807,
    0.314237505197525, 0.3080885112285614, 0.30806854367256165,
    0.3131672739982605, 0.3045654296875, 0.3089371919631958,
    0.29931432008743286, 0.3023984432220459, 0.3112293779850006,
    0.2915927469730377, 0.29446661472320557, 0.3226546347141266,
    0.3045094311237335, 0.29621437191963196, 0.3081192076206207
  ]
}
